{
  "tp": {
    "1": 2.9409140490021097,
    "2": 4.5133790877525675,
    "3": 7.629317642221728
  },
  "vB": 0.32093059042056854,
  "vB_err": 0.10839567140970402,
  "I2": {
    "1": [
      1.4739509658288306,
      1.3825337842662218,
      0.5694227787032387,
      0.38736921055683315,
      0.13502773770926524,
      0.049427076550017324,
      0.03943899163675635
    ],
    "2": [
      1.5731077388289336,
      1.4567492980991346,
      1.1756653549973128,
      0.4913158784094471,
      0.3207286472464488,
      0.19690675214700937,
      0.08495709814628682
    ],
    "3": [
      1.6520156368189356,
      1.8105220631206396,
      1.629272037492717,
      1.2393322987964739,
      0.9455500520516074,
      0.7017637370077732,
      0.39830139985439716
    ]
  },
  "depths": [
    0,
    2,
    4,
    6,
    8,
    10,
    12
  ],
  "cfg": {
    "N": 8,
    "kmax": 3,
    "n_bases": 40,
    "shots": 256
  }
}