{
  "depths": [
    0,
    2,
    4,
    6,
    8,
    10
  ],
  "passive": [
    1.87158203125,
    1.20751953125,
    0.9365234375,
    0.63134765625,
    0.5634765625,
    0.3291015625
  ],
  "echo": [
    1.8564453125,
    1.9052734375,
    1.73046875,
    1.53857421875,
    1.453125,
    1.41748046875
  ]
}